Source File	Size	loadResources	load	generateSnapshots	load-configure	scan	loadDepInfo	loadInfo	checkR4R4B	generateNarratives	validate	loadLists	checkConformanceResources	checkConformanceResources2	checkConformanceResources3	generateLogicalMaps	validateExpressions	scanForUsageStats	checkURLsUnique	processProvenanceDetails	translate	generate1	generate2	generateLogicals	makeDependencies	generateExampleZip	generateValidationPack	scanProfilesForR5	scanExamplesForR5
\fsh-generated\resources\ImplementationGuide-EligibilityIG.json	1515	-	0	0	0	0	0	0	9	60	0	0	0	0	0	0	0	0	0	0	0	107	313	0	0	0	5	0	0
fsh-generated/resources/Patient-PatientExample.json	260	4	0	0	2	0	0	0	0	2	0	0	0	0	0	0	0	0	0	0	0	20	257	0	0	0	0	0	0
fsh-generated/resources/StructureDefinition-MyPatient.json	608	2	0	33	0	0	0	0	1	37	0	0	1	0	0	0	0	1	0	0	0	217	5521	0	1	0	8	0	1
\fsh-generated\includes\fsh-link-references.md	93	-	-	-	0	0	0	0	0	0	0	0	0	0	0	0	0	0	0	0	0	0	3	0	0	0	0	0	0
\fsh-generated\includes\menu.xml	1061	-	-	-	0	0	0	0	0	0	0	0	0	0	0	0	0	0	0	0	0	0	2	0	0	0	0	0	0
\input\pagecontent\index.md	95	-	-	-	0	0	0	0	0	0	0	0	0	0	0	0	0	0	0	0	0	0	2	0	0	0	0	0	0
\template\config	0	-	-	-	0	0	0	0	0	0	0	0	0	0	0	0	0	0	0	0	0	0	0	0	0	0	0	0	0
\template\config\_config.yml	140	-	-	-	0	0	0	0	0	0	0	0	0	0	0	0	0	0	0	0	0	0	1	0	0	0	0	0	0
\temp\pages\_includes\artifacts.xml	2522	-	-	-	-	-	-	-	-	-	-	-	-	-	-	-	-	-	-	-	-	-	1	0	0	0	0	0	0
